time_s,potential_V,current_A_cathodic_positive
0.000000000000e0,3.000000000000e-1,-5.974992974748e-8
5.000000000000e-2,2.950000000000e-1,2.616029326819e-7
1.000000000000e-1,2.900000000000e-1,-2.015553407852e-7
1.500000000000e-1,2.850000000000e-1,2.727560093103e-7
2.000000000000e-1,2.800000000000e-1,3.597147282245e-7
2.500000000000e-1,2.750000000000e-1,2.830071954723e-7
3.000000000000e-1,2.700000000000e-1,-1.871734573337e-8
3.500000000000e-1,2.650000000000e-1,-5.984414418077e-8
4.000000000000e-1,2.600000000000e-1,-8.878334997962e-9
4.500000000000e-1,2.550000000000e-1,-2.398043356668e-7
5.000000000000e-1,2.500000000000e-1,2.724759373834e-7
5.500000000000e-1,2.450000000000e-1,-2.148663972799e-7
6.000000000000e-1,2.400000000000e-1,-9.710963819485e-8
6.500000000000e-1,2.350000000000e-1,-2.667993276607e-7
7.000000000000e-1,2.300000000000e-1,-1.460286365648e-7
7.500000000000e-1,2.250000000000e-1,-2.246056804413e-7
8.000000000000e-1,2.200000000000e-1,-1.079965070830e-7
8.500000000000e-1,2.150000000000e-1,1.397095416910e-7
9.000000000000e-1,2.100000000000e-1,-6.458253412391e-8
9.500000000000e-1,2.050000000000e-1,-1.068535366339e-7
1.000000000000e0,2.000000000000e-1,1.735433691880e-8
1.050000000000e0,1.950000000000e-1,1.846713650443e-7
1.100000000000e0,1.900000000000e-1,-9.826006002940e-8
1.150000000000e0,1.850000000000e-1,5.724697591541e-7
1.200000000000e0,1.800000000000e-1,-2.630169941805e-7
1.250000000000e0,1.750000000000e-1,-8.719802505322e-9
1.300000000000e0,1.700000000000e-1,-2.138176505515e-7
1.350000000000e0,1.650000000000e-1,-2.497792435178e-7
1.400000000000e0,1.600000000000e-1,8.034043186132e-8
1.450000000000e0,1.550000000000e-1,4.236046981963e-7
1.500000000000e0,1.500000000000e-1,3.539149036008e-7
1.550000000000e0,1.450000000000e-1,1.890378016396e-7
1.600000000000e0,1.400000000000e-1,6.014649501726e-7
1.650000000000e0,1.350000000000e-1,5.308053530763e-7
1.700000000000e0,1.300000000000e-1,9.449305873214e-7
1.750000000000e0,1.250000000000e-1,5.536246312494e-7
1.800000000000e0,1.200000000000e-1,9.263722425087e-7
1.850000000000e0,1.150000000000e-1,6.226544983719e-7
1.900000000000e0,1.100000000000e-1,1.627026658373e-6
1.950000000000e0,1.050000000000e-1,1.772637018882e-6
2.000000000000e0,1.000000000000e-1,1.930314137823e-6
2.050000000000e0,9.500000000000e-2,1.994814802349e-6
2.100000000000e0,9.000000000000e-2,2.113354541579e-6
2.150000000000e0,8.500000000000e-2,2.820102145170e-6
2.200000000000e0,8.000000000000e-2,3.649752635705e-6
2.250000000000e0,7.500000000000e-2,4.095487701317e-6
2.300000000000e0,7.000000000000e-2,4.816356204400e-6
2.350000000000e0,6.500000000000e-2,5.015727207550e-6
2.400000000000e0,6.000000000000e-2,6.304432702877e-6
2.450000000000e0,5.500000000000e-2,6.987776762825e-6
2.500000000000e0,5.000000000000e-2,7.922599795963e-6
2.550000000000e0,4.500000000000e-2,8.823484684312e-6
2.600000000000e0,4.000000000000e-2,9.739870936234e-6
2.650000000000e0,3.500000000000e-2,1.075478225245e-5
2.700000000000e0,3.000000000000e-2,1.221727553330e-5
2.750000000000e0,2.500000000000e-2,1.286904731651e-5
2.800000000000e0,2.000000000000e-2,1.412219720629e-5
2.850000000000e0,1.500000000000e-2,1.521248431774e-5
2.900000000000e0,1.000000000000e-2,1.588832498470e-5
2.950000000000e0,5.000000000000e-3,1.602947655807e-5
3.000000000000e0,0.000000000000e0,1.669203428506e-5
3.050000000000e0,-5.000000000000e-3,1.808408365208e-5
3.100000000000e0,-1.000000000000e-2,1.795828180969e-5
3.150000000000e0,-1.500000000000e-2,1.796601370410e-5
3.200000000000e0,-2.000000000000e-2,1.797594242875e-5
3.250000000000e0,-2.500000000000e-2,1.764715679408e-5
3.300000000000e0,-3.000000000000e-2,1.776181556353e-5
3.350000000000e0,-3.500000000000e-2,1.687965739104e-5
3.400000000000e0,-4.000000000000e-2,1.715465564909e-5
3.450000000000e0,-4.500000000000e-2,1.654951408412e-5
3.500000000000e0,-5.000000000000e-2,1.556897285958e-5
3.550000000000e0,-5.500000000000e-2,1.544527988513e-5
3.600000000000e0,-6.000000000000e-2,1.480581260593e-5
3.650000000000e0,-6.500000000000e-2,1.512834891730e-5
3.700000000000e0,-7.000000000000e-2,1.484732124405e-5
3.750000000000e0,-7.500000000000e-2,1.400853873545e-5
3.800000000000e0,-8.000000000000e-2,1.388342835580e-5
3.850000000000e0,-8.500000000000e-2,1.339338895348e-5
3.900000000000e0,-9.000000000000e-2,1.346433891600e-5
3.950000000000e0,-9.500000000000e-2,1.217790756644e-5
4.000000000000e0,-1.000000000000e-1,1.208678048601e-5
4.050000000000e0,-1.050000000000e-1,1.216073708641e-5
4.100000000000e0,-1.100000000000e-1,1.156702435725e-5
4.150000000000e0,-1.150000000000e-1,1.135468392547e-5
4.200000000000e0,-1.200000000000e-1,1.113742138505e-5
4.250000000000e0,-1.250000000000e-1,1.086403566525e-5
4.300000000000e0,-1.300000000000e-1,1.073153187159e-5
4.350000000000e0,-1.350000000000e-1,1.033971740168e-5
4.400000000000e0,-1.400000000000e-1,1.035783778311e-5
4.450000000000e0,-1.450000000000e-1,1.005963575332e-5
4.500000000000e0,-1.500000000000e-1,9.896899641278e-6
4.550000000000e0,-1.550000000000e-1,9.551196040242e-6
4.600000000000e0,-1.600000000000e-1,9.188454099563e-6
4.650000000000e0,-1.650000000000e-1,9.387302602583e-6
4.700000000000e0,-1.700000000000e-1,9.624445478277e-6
4.750000000000e0,-1.750000000000e-1,9.234975049758e-6
4.800000000000e0,-1.800000000000e-1,9.283878413658e-6
4.850000000000e0,-1.850000000000e-1,9.280588214828e-6
4.900000000000e0,-1.900000000000e-1,8.909701794768e-6
4.950000000000e0,-1.950000000000e-1,8.680983742547e-6
5.000000000000e0,-2.000000000000e-1,8.522139248568e-6
5.050000000000e0,-2.050000000000e-1,8.812444968504e-6
5.100000000000e0,-2.100000000000e-1,7.963832210310e-6
5.150000000000e0,-2.150000000000e-1,8.271499614244e-6
5.200000000000e0,-2.200000000000e-1,7.583511589632e-6
5.250000000000e0,-2.250000000000e-1,7.807500372933e-6
5.300000000000e0,-2.300000000000e-1,8.039009644363e-6
5.350000000000e0,-2.350000000000e-1,7.920841762797e-6
5.400000000000e0,-2.400000000000e-1,7.799285643690e-6
5.450000000000e0,-2.450000000000e-1,7.724871529672e-6
5.500000000000e0,-2.500000000000e-1,7.837196531590e-6
5.550000000000e0,-2.550000000000e-1,7.580088993872e-6
5.600000000000e0,-2.600000000000e-1,7.327829961562e-6
5.650000000000e0,-2.650000000000e-1,7.177003325449e-6
5.700000000000e0,-2.700000000000e-1,7.696549190829e-6
5.750000000000e0,-2.750000000000e-1,7.408329324580e-6
5.800000000000e0,-2.800000000000e-1,7.609528304622e-6
5.850000000000e0,-2.850000000000e-1,7.511009611163e-6
5.900000000000e0,-2.900000000000e-1,7.069771359311e-6
5.950000000000e0,-2.950000000000e-1,6.945597952163e-6
6.000000000000e0,-3.000000000000e-1,6.490147088895e-6
6.050000000000e0,-2.950000000000e-1,6.637840207257e-6
6.100000000000e0,-2.900000000000e-1,7.368141577346e-6
6.150000000000e0,-2.850000000000e-1,6.953751171349e-6
6.200000000000e0,-2.800000000000e-1,6.484547773030e-6
6.250000000000e0,-2.750000000000e-1,6.751561626727e-6
6.300000000000e0,-2.700000000000e-1,6.346424507872e-6
6.350000000000e0,-2.650000000000e-1,6.729339575035e-6
6.400000000000e0,-2.600000000000e-1,6.446515476594e-6
6.450000000000e0,-2.550000000000e-1,6.086579486209e-6
6.500000000000e0,-2.500000000000e-1,6.507562957062e-6
6.550000000000e0,-2.450000000000e-1,6.630718101183e-6
6.600000000000e0,-2.400000000000e-1,6.371786166035e-6
6.650000000000e0,-2.350000000000e-1,5.844616385937e-6
6.700000000000e0,-2.300000000000e-1,6.192946140349e-6
6.750000000000e0,-2.250000000000e-1,6.201402018595e-6
6.800000000000e0,-2.200000000000e-1,6.159358979953e-6
6.850000000000e0,-2.150000000000e-1,6.229803363459e-6
6.900000000000e0,-2.100000000000e-1,6.144137248277e-6
6.950000000000e0,-2.050000000000e-1,6.182882444932e-6
7.000000000000e0,-2.000000000000e-1,5.957856658536e-6
7.050000000000e0,-1.950000000000e-1,5.770922978566e-6
7.100000000000e0,-1.900000000000e-1,6.105270646936e-6
7.150000000000e0,-1.850000000000e-1,6.220853144114e-6
7.200000000000e0,-1.800000000000e-1,5.900301464788e-6
7.250000000000e0,-1.750000000000e-1,5.676522070352e-6
7.300000000000e0,-1.700000000000e-1,5.685380676794e-6
7.350000000000e0,-1.650000000000e-1,5.315036583377e-6
7.400000000000e0,-1.600000000000e-1,5.754879516682e-6
7.450000000000e0,-1.550000000000e-1,5.288527118979e-6
7.500000000000e0,-1.500000000000e-1,5.860050914806e-6
7.550000000000e0,-1.450000000000e-1,5.432834414808e-6
7.600000000000e0,-1.400000000000e-1,5.227979422488e-6
7.650000000000e0,-1.350000000000e-1,5.649324188339e-6
7.700000000000e0,-1.300000000000e-1,4.935582098660e-6
7.750000000000e0,-1.250000000000e-1,5.106806085026e-6
7.800000000000e0,-1.200000000000e-1,5.532344914639e-6
7.850000000000e0,-1.150000000000e-1,5.025761481271e-6
7.900000000000e0,-1.100000000000e-1,5.223730916808e-6
7.950000000000e0,-1.050000000000e-1,5.228430080206e-6
8.000000000000e0,-1.000000000000e-1,4.717555592805e-6
8.050000000000e0,-9.500000000000e-2,4.897673262341e-6
8.100000000000e0,-9.000000000000e-2,5.059266836997e-6
8.150000000000e0,-8.500000000000e-2,5.106419583004e-6
8.200000000000e0,-8.000000000000e-2,4.918788397799e-6
8.250000000000e0,-7.500000000000e-2,4.852146113207e-6
8.300000000000e0,-7.000000000000e-2,4.624088569668e-6
8.350000000000e0,-6.500000000000e-2,4.481343354669e-6
8.400000000000e0,-6.000000000000e-2,4.801850214463e-6
8.450000000000e0,-5.500000000000e-2,4.128566606471e-6
8.500000000000e0,-5.000000000000e-2,4.264822925833e-6
8.550000000000e0,-4.500000000000e-2,4.328269543487e-6
8.600000000000e0,-4.000000000000e-2,4.019097355758e-6
8.650000000000e0,-3.500000000000e-2,3.539812139778e-6
8.700000000000e0,-3.000000000000e-2,3.945937011342e-6
8.750000000000e0,-2.500000000000e-2,3.741778211098e-6
8.800000000000e0,-2.000000000000e-2,3.258950436849e-6
8.850000000000e0,-1.500000000000e-2,2.864460374861e-6
8.900000000000e0,-1.000000000000e-2,2.804351468266e-6
8.950000000000e0,-5.000000000000e-3,3.127836553564e-6
9.000000000000e0,-5.551115123126e-17,2.078946049712e-6
9.050000000000e0,5.000000000000e-3,2.000697175607e-6
9.100000000000e0,1.000000000000e-2,1.481830265706e-6
9.150000000000e0,1.500000000000e-2,1.591085398834e-6
9.200000000000e0,2.000000000000e-2,9.675733385919e-7
9.250000000000e0,2.500000000000e-2,1.261123501143e-6
9.300000000000e0,3.000000000000e-2,1.186723826428e-6
9.350000000000e0,3.500000000000e-2,8.944552277073e-7
9.400000000000e0,4.000000000000e-2,8.109940589852e-7
9.450000000000e0,4.500000000000e-2,5.138584030716e-7
9.500000000000e0,5.000000000000e-2,2.209705077780e-7
9.550000000000e0,5.500000000000e-2,9.836542580312e-9
9.600000000000e0,6.000000000000e-2,1.584508480572e-7
9.650000000000e0,6.500000000000e-2,3.049662339542e-7
9.700000000000e0,7.000000000000e-2,-1.386109887282e-7
9.750000000000e0,7.500000000000e-2,-4.591090898487e-7
9.800000000000e0,8.000000000000e-2,-2.839943073748e-7
9.850000000000e0,8.500000000000e-2,-5.016363935684e-7
9.900000000000e0,9.000000000000e-2,-2.256011873775e-7
9.950000000000e0,9.500000000000e-2,-2.702787569672e-7
1.000000000000e1,1.000000000000e-1,-1.160959517540e-7
1.005000000000e1,1.050000000000e-1,-2.671098517749e-7
1.010000000000e1,1.100000000000e-1,-3.411530517380e-7
1.015000000000e1,1.150000000000e-1,-3.140094353233e-7
1.020000000000e1,1.200000000000e-1,1.084599634462e-7
1.025000000000e1,1.250000000000e-1,-9.748308251334e-8
1.030000000000e1,1.300000000000e-1,-3.916056073423e-7
1.035000000000e1,1.350000000000e-1,-5.994613924377e-9
1.040000000000e1,1.400000000000e-1,-4.699168845328e-7
1.045000000000e1,1.450000000000e-1,-3.007997829125e-7
1.050000000000e1,1.500000000000e-1,-1.396025672915e-7
1.055000000000e1,1.550000000000e-1,6.696977313021e-7
1.060000000000e1,1.600000000000e-1,7.201162175762e-8
1.065000000000e1,1.650000000000e-1,3.152704653417e-7
1.070000000000e1,1.700000000000e-1,1.878543610512e-7
1.075000000000e1,1.750000000000e-1,-6.605004480880e-8
1.080000000000e1,1.800000000000e-1,-2.091132934362e-7
1.085000000000e1,1.850000000000e-1,-9.080083764667e-7
1.090000000000e1,1.900000000000e-1,2.118482016168e-8
1.095000000000e1,1.950000000000e-1,1.426017070893e-7
1.100000000000e1,2.000000000000e-1,6.046583459442e-8
1.105000000000e1,2.050000000000e-1,-3.056486622622e-8
1.110000000000e1,2.100000000000e-1,4.442357136047e-8
1.115000000000e1,2.150000000000e-1,1.628837185304e-7
1.120000000000e1,2.200000000000e-1,2.843684267039e-7
1.125000000000e1,2.250000000000e-1,-6.369676513635e-7
1.130000000000e1,2.300000000000e-1,-2.466291410738e-7
1.135000000000e1,2.350000000000e-1,-7.997420906348e-8
1.140000000000e1,2.400000000000e-1,3.160539042232e-7
1.145000000000e1,2.450000000000e-1,-2.547178069445e-7
1.150000000000e1,2.500000000000e-1,2.860044941297e-7
1.155000000000e1,2.550000000000e-1,1.683768840124e-7
1.160000000000e1,2.600000000000e-1,8.140461424019e-9
1.165000000000e1,2.650000000000e-1,-1.177571773785e-7
1.170000000000e1,2.700000000000e-1,-2.856449331485e-7
1.175000000000e1,2.750000000000e-1,-1.569387399881e-7
1.180000000000e1,2.800000000000e-1,-9.058162820939e-8
1.185000000000e1,2.850000000000e-1,1.305884025397e-7
1.190000000000e1,2.900000000000e-1,-3.367695462659e-7
1.195000000000e1,2.950000000000e-1,4.606152347637e-7
1.199750000000e1,2.997500000000e-1,-8.226486164812e-8
