time_s,potential_V_vs_Fc,current_A_cathodic_positive
0,-0.203109,-9.06233e-07
0.02,-0.20511,-8.11963e-07
0.04,-0.207112,-9.7304e-07
0.06,-0.209114,-8.96474e-07
0.08,-0.211116,-9.18854e-07
0.1,-0.213118,-9.58938e-07
0.12,-0.21512,-9.84659e-07
0.14,-0.217021,-1.02541e-06
0.16,-0.218923,-1.05614e-06
0.18,-0.221025,-1.07318e-06
0.2,-0.223127,-1.11259e-06
0.22,-0.225029,-1.13898e-06
0.24,-0.227031,-1.15936e-06
0.26,-0.229033,-1.19811e-06
0.28,-0.231034,-1.24688e-06
0.3,-0.233036,-1.26124e-06
0.32,-0.235038,-1.28696e-06
0.34,-0.23704,-1.31301e-06
0.36,-0.239042,-1.35811e-06
0.38,-0.241044,-1.3708e-06
0.4,-0.243045,-1.37114e-06
0.42,-0.244947,-1.4012e-06
0.44,-0.247049,-1.42592e-06
0.46,-0.249051,-1.47335e-06
0.48,-0.251053,-1.49406e-06
0.5,-0.253055,-1.50642e-06
0.52,-0.254956,-1.54116e-06
0.54,-0.257158,-1.54918e-06
0.56,-0.25896,-1.57456e-06
0.58,-0.261062,-1.57957e-06
0.6,-0.263164,-1.6073e-06
0.62,-0.265066,-1.62333e-06
0.64,-0.267068,-1.63502e-06
0.66,-0.269069,-1.64939e-06
0.68,-0.271071,-1.67076e-06
0.7,-0.273073,-1.68546e-06
0.72,-0.274875,-1.69214e-06
0.74,-0.277077,-1.69749e-06
0.76,-0.279079,-1.71853e-06
0.78,-0.281081,-1.72855e-06
0.8,-0.283082,-1.74659e-06
0.82,-0.285084,-1.74325e-06
0.84,-0.286986,-1.75461e-06
0.86,-0.288988,-1.76229e-06
0.88,-0.29109,-1.76496e-06
0.9,-0.293092,-1.76363e-06
0.92,-0.294993,-1.77665e-06
0.94,-0.296995,-1.77498e-06
0.96,-0.298997,-1.77665e-06
0.98,-0.300999,-1.75962e-06
1,-0.303101,-1.76229e-06
1.02,-0.305103,-1.75928e-06
1.04,-0.307005,-1.76262e-06
1.06,-0.309106,-1.76496e-06
1.08,-0.311008,-1.7516e-06
1.1,-0.31301,-1.73089e-06
1.12,-0.314912,-1.72087e-06
1.14,-0.317114,-1.69649e-06
1.16,-0.319116,-1.69749e-06
1.18,-0.321017,-1.67644e-06
1.2,-0.323019,-1.64003e-06
1.22,-0.325121,-1.63135e-06
1.24,-0.327123,-1.58492e-06
1.26,-0.329125,-1.55987e-06
1.28,-0.331227,-1.50842e-06
1.3,-0.333229,-1.48404e-06
1.32,-0.33513,-1.43861e-06
1.34,-0.337132,-1.38583e-06
1.36,-0.339134,-1.34775e-06
1.38,-0.341136,-1.28295e-06
1.4,-0.343138,-1.20245e-06
1.42,-0.34494,-1.14232e-06
1.44,-0.347142,-1.06917e-06
1.46,-0.349143,-9.94346e-07
1.48,-0.351145,-9.14178e-07
1.5,-0.352947,-8.13634e-07
1.52,-0.355149,-7.0407e-07
1.54,-0.357151,-5.34918e-07
1.56,-0.359153,-4.1697e-07
1.58,-0.361054,-2.89134e-07
1.6,-0.363056,-1.50209e-07
1.62,-0.365158,1.47717e-08
1.64,-0.36706,1.5961e-07
1.66,-0.369062,3.32941e-07
1.68,-0.371164,5.13053e-07
1.7,-0.373066,7.04757e-07
1.72,-0.375067,9.13162e-07
1.74,-0.377069,1.05729e-06
1.76,-0.379171,1.28209e-06
1.78,-0.381073,1.53964e-06
1.8,-0.382975,1.79818e-06
1.82,-0.385077,2.06073e-06
1.84,-0.387078,2.34365e-06
1.86,-0.38898,2.64829e-06
1.88,-0.390982,2.95293e-06
1.9,-0.392984,3.29899e-06
1.92,-0.395186,3.64538e-06
1.94,-0.397088,4.01783e-06
1.96,-0.39909,4.38594e-06
1.98,-0.401091,4.78043e-06
2,-0.403093,5.18227e-06
2.02,-0.405095,5.59514e-06
2.04,-0.407197,6.03105e-06
2.06,-0.409099,6.45795e-06
2.08,-0.411001,6.92159e-06
2.1,-0.413002,7.37721e-06
2.12,-0.415004,7.8492e-06
2.14,-0.417106,8.31818e-06
2.16,-0.419108,8.79819e-06
2.18,-0.42111,9.31728e-06
2.2,-0.423012,9.79522e-06
2.22,-0.425013,1.02761e-05
2.24,-0.427015,1.07503e-05
2.26,-0.429117,1.12378e-05
2.28,-0.431019,1.1712e-05
2.3,-0.433021,1.21762e-05
2.32,-0.435023,1.26304e-05
2.34,-0.437025,1.30845e-05
2.36,-0.439127,1.34853e-05
2.38,-0.441028,1.39327e-05
2.4,-0.44303,1.43001e-05
2.42,-0.445032,1.46975e-05
2.44,-0.447034,1.50448e-05
2.46,-0.449036,1.5362e-05
2.48,-0.450937,1.56859e-05
2.5,-0.453039,1.59497e-05
2.52,-0.4550412,1.62269e-05
2.54,-0.4571432,1.64406e-05
2.56,-0.4590449,1.66443e-05
2.58,-0.4611468,1.68147e-05
2.6,-0.4629485,1.69683e-05
2.62,-0.4651506,1.70885e-05
2.64,-0.4670523,1.71787e-05
2.66,-0.4689541,1.72655e-05
2.68,-0.471056,1.73055e-05
2.7,-0.4730579,1.73356e-05
2.72,-0.4750597,1.73256e-05
2.74,-0.4771616,1.72955e-05
2.76,-0.4790634,1.72521e-05
2.78,-0.4809652,1.71787e-05
2.8,-0.4831672,1.71352e-05
2.82,-0.4850689,1.70317e-05
2.84,-0.4870708,1.69182e-05
2.86,-0.4891727,1.67779e-05
2.88,-0.4911746,1.66343e-05
2.9,-0.4929762,1.64841e-05
2.92,-0.4950782,1.63304e-05
2.94,-0.49708,1.61635e-05
2.96,-0.4990819,1.59865e-05
2.98,-0.5009836,1.58062e-05
3,-0.5029855,1.56392e-05
3.02,-0.5051875,1.54522e-05
3.04,-0.5070893,1.52752e-05
3.06,-0.5091912,1.50615e-05
3.08,-0.511093,1.48778e-05
3.1,-0.5130948,1.46875e-05
3.12,-0.5150967,1.45138e-05
3.14,-0.5170985,1.43669e-05
3.16,-0.5192005,1.41331e-05
3.18,-0.5210021,1.39294e-05
3.2,-0.523004,1.37424e-05
3.22,-0.525206,1.35788e-05
3.24,-0.5271078,1.35086e-05
3.26,-0.5291096,1.32114e-05
3.28,-0.5311115,1.30344e-05
3.3,-0.5330132,1.28608e-05
3.32,-0.5352152,1.27172e-05
3.34,-0.5370169,1.26871e-05
3.36,-0.5391189,1.23833e-05
3.38,-0.5410206,1.22096e-05
3.4,-0.54312255,1.20627e-05
3.42,-0.5451244,1.19324e-05
3.44,-0.54712625,1.19157e-05
3.46,-0.54902801,1.16286e-05
3.48,-0.55112995,1.14649e-05
3.5,-0.552831518,1.13414e-05
3.52,-0.55503355,1.12345e-05
3.54,-0.5570354,1.1161e-05
3.56,-0.55913734,1.09406e-05
3.58,-0.5610391,1.08137e-05
3.6,-0.56304095,1.07069e-05
3.62,-0.5651429,1.05766e-05
3.64,-0.5671447,1.04865e-05
3.66,-0.5690465,1.03262e-05
3.68,-0.5711484,1.0226e-05
3.7,-0.5731503,1.01358e-05
3.72,-0.5749519,1.0029e-05
3.74,-0.5769538,9.89874e-06
3.76,-0.5790557,9.79188e-06
3.78,-0.5810576,9.69504e-06
3.8,-0.5830594,9.60153e-06
3.82,-0.5850613,9.51471e-06
3.84,-0.5870631,9.40451e-06
3.86,-0.589065,9.29765e-06
3.88,-0.5910668,9.21416e-06
3.9,-0.5929686,9.13401e-06
3.92,-0.5949704,9.05387e-06
3.94,-0.5969723,8.94367e-06
3.96,-0.5990742,8.8702e-06
3.98,-0.600976,8.78671e-06
4,-0.6030779,8.69989e-06
4.02,-0.6050798,8.6331e-06
4.04,-0.6070816,8.54294e-06
4.06,-0.6090835,8.43608e-06
4.08,-0.6109852,8.36929e-06
4.1,-0.6130872,8.29582e-06
4.12,-0.615089,8.23905e-06
4.14,-0.6169908,8.15557e-06
4.16,-0.6190927,8.07208e-06
4.18,-0.6210946,8.02256e-06
4.2,-0.6229963,7.99618e-06
4.22,-0.6250983,7.9297e-06
4.24,-0.6271001,7.8512e-06
4.26,-0.6290019,7.75233e-06
4.28,-0.6311038,7.67651e-06
4.3,-0.6330056,7.6421e-06
4.32,-0.6350074,7.58298e-06
4.34,-0.6371094,7.51817e-06
4.36,-0.6390111,7.43567e-06
4.38,-0.641013,7.36385e-06
4.4,-0.6431149,7.32811e-06
4.42,-0.6451167,7.26531e-06
4.44,-0.6471186,7.1965e-06
4.46,-0.6490203,7.1484e-06
4.48,-0.6511223,7.07023e-06
4.5,-0.653024,7.0395e-06
4.52,-0.655126,7.00376e-06
4.54,-0.657128,6.92961e-06
4.56,-0.65903,6.84309e-06
4.58,-0.661132,6.79432e-06
4.6,-0.663033,6.76927e-06
4.62,-0.665035,6.7362e-06
4.64,-0.667137,6.66271e-06
4.66,-0.669139,6.60693e-06
4.68,-0.671141,6.55181e-06
4.7,-0.673143,6.51474e-06
4.72,-0.675144,6.46764e-06
4.74,-0.677046,6.41419e-06
4.76,-0.679048,6.34638e-06
4.78,-0.68105,6.30897e-06
4.8,-0.682952,6.29795e-06
4.82,-0.685154,6.24484e-06
4.84,-0.687055,6.1817e-06
4.86,-0.689157,6.11924e-06
4.88,-0.691059,6.08316e-06
4.9,-0.693061,6.06513e-06
4.92,-0.695063,6.02905e-06
4.94,-0.697065,5.97494e-06
4.96,-0.699067,5.92416e-06
4.98,-0.700968,5.88542e-06
5,-0.70307,5.86304e-06
5.02,-0.705072,5.82061e-06
5.04,-0.706974,5.77151e-06
5.06,-0.708976,5.70103e-06
5.08,-0.711178,5.70303e-06
5.1,-0.71308,5.68466e-06
5.12,-0.715081,5.63222e-06
5.14,-0.716983,5.59648e-06
5.16,-0.719085,5.529e-06
5.18,-0.721087,5.50128e-06
5.2,-0.723089,5.48625e-06
5.22,-0.725091,5.4495e-06
5.24,-0.726992,5.40641e-06
5.26,-0.729094,5.37134e-06
5.28,-0.731096,5.33359e-06
5.3,-0.733198,5.30052e-06
5.32,-0.735,5.27914e-06
5.34,-0.737102,5.23839e-06
5.36,-0.739104,5.20098e-06
5.38,-0.741005,5.15622e-06
5.4,-0.743107,5.15388e-06
5.42,-0.745009,5.11213e-06
5.44,-0.747011,5.08073e-06
5.46,-0.749113,5.04666e-06
5.48,-0.751015,5.00056e-06
5.5,-0.753116,4.98386e-06
5.52,-0.751115,4.93509e-06
5.54,-0.749113,4.87162e-06
5.56,-0.747011,4.81283e-06
5.58,-0.745209,4.76841e-06
5.6,-0.743107,4.732e-06
5.62,-0.741005,4.71095e-06
5.64,-0.739003,4.66619e-06
5.66,-0.737102,4.59838e-06
5.68,-0.735,4.57901e-06
5.7,-0.732998,4.53559e-06
5.72,-0.731096,4.50953e-06
5.74,-0.729194,4.46377e-06
5.76,-0.727092,4.41166e-06
5.78,-0.725091,4.37024e-06
5.8,-0.723189,4.3542e-06
5.82,-0.721087,4.33617e-06
5.84,-0.719085,4.29541e-06
5.86,-0.717083,4.24163e-06
5.88,-0.715081,4.21859e-06
5.9,-0.71308,4.18452e-06
5.92,-0.711078,4.16314e-06
5.94,-0.708976,4.14143e-06
5.96,-0.707174,4.06861e-06
5.98,-0.705072,4.05992e-06
6,-0.70297,4.03086e-06
6.02,-0.701068,3.95403e-06
6.04,-0.699067,3.97007e-06
6.06,-0.697065,3.92898e-06
6.08,-0.695063,3.90259e-06
6.1,-0.692961,3.88221e-06
6.12,-0.691159,3.81173e-06
6.14,-0.689157,3.82209e-06
6.16,-0.687055,3.77232e-06
6.18,-0.685154,3.7633e-06
6.2,-0.683152,3.74058e-06
6.22,-0.68105,3.74359e-06
6.24,-0.679248,3.67745e-06
6.26,-0.677146,3.62835e-06
6.28,-0.675044,3.61031e-06
6.3,-0.673043,3.59294e-06
6.32,-0.671141,3.58526e-06
6.34,-0.669139,3.53816e-06
6.36,-0.667037,3.49975e-06
6.38,-0.665135,3.47169e-06
6.4,-0.663033,3.46033e-06
6.42,-0.661132,3.44396e-06
6.44,-0.65913,3.39787e-06
6.46,-0.657028,3.36045e-06
6.48,-0.655126,3.33974e-06
6.5,-0.652924,3.32638e-06
6.52,-0.6511223,3.305e-06
6.54,-0.6491204,3.26091e-06
6.56,-0.6471186,3.20346e-06
6.58,-0.6451167,3.18976e-06
6.6,-0.643215,3.1941e-06
6.62,-0.641013,3.15569e-06
6.64,-0.6391112,3.13899e-06
6.66,-0.6371094,3.0822e-06
6.68,-0.6350074,3.05949e-06
6.7,-0.6331056,3.04279e-06
6.72,-0.6310037,3.02241e-06
6.74,-0.6290019,2.97565e-06
6.76,-0.627,2.93656e-06
6.78,-0.6249982,2.9232e-06
6.8,-0.6230964,2.91919e-06
6.82,-0.6210946,2.89281e-06
6.84,-0.6189926,2.83836e-06
6.86,-0.6170909,2.78825e-06
6.88,-0.615089,2.76554e-06
6.9,-0.6130872,2.75886e-06
6.92,-0.6109852,2.73247e-06
6.94,-0.6090835,2.67702e-06
6.96,-0.6069815,2.64161e-06
6.98,-0.6050798,2.57113e-06
7,-0.603178,2.61255e-06
7.02,-0.6010761,2.57113e-06
7.04,-0.5991743,2.51702e-06
7.06,-0.5970724,2.47994e-06
7.08,-0.5950705,2.42015e-06
7.1,-0.5930687,2.43752e-06
7.12,-0.5909667,2.40779e-06
7.14,-0.589065,2.35167e-06
7.16,-0.5871632,2.29789e-06
7.18,-0.5849612,2.3039e-06
7.2,-0.5830594,2.26115e-06
7.22,-0.5811577,2.22006e-06
7.24,-0.5790557,2.16027e-06
7.26,-0.5770539,2.10849e-06
7.28,-0.575052,2.08778e-06
7.3,-0.5731503,2.05304e-06
7.32,-0.5710483,2.00895e-06
7.34,-0.5691466,1.94048e-06
7.36,-0.5671447,1.88703e-06
7.38,-0.5651429,1.86231e-06
7.4,-0.563141,1.82056e-06
7.42,-0.56113919,1.76277e-06
7.44,-0.55923743,1.69596e-06
7.46,-0.55713549,1.62949e-06
7.48,-0.55513364,1.60678e-06
7.5,-0.553031703,1.55834e-06
7.52,-0.55102985,1.49053e-06
7.54,-0.54902801,1.38832e-06
7.56,-0.54712625,1.32752e-06
7.58,-0.5451244,1.29178e-06
7.6,-0.54312255,1.23299e-06
7.62,-0.5410206,1.16084e-06
7.64,-0.5391189,1.04159e-06
7.66,-0.537117,9.78124e-07
7.68,-0.5351152,9.11651e-07
7.7,-0.5331133,8.31817e-07
7.72,-0.5310114,7.26597e-07
7.74,-0.5292097,6.79838e-07
7.76,-0.5271078,5.75952e-07
7.78,-0.5250058,4.7347e-07
7.8,-0.5231041,3.59263e-07
7.82,-0.5211022,2.39678e-07
7.84,-0.5192005,1.11241e-07
7.86,-0.5170985,-2.08366e-08
7.88,-0.5150967,-1.64539e-07
7.9,-0.5130948,-3.08976e-07
7.92,-0.5111931,-4.65271e-07
7.94,-0.5090911,-6.37333e-07
7.96,-0.5071894,-8.0689e-07
7.98,-0.5049873,-9.90243e-07
8,-0.5031857,-1.21347e-06
8.02,-0.5010837,-1.43059e-06
8.04,-0.499182,-1.68179e-06
8.06,-0.49708,-1.86751e-06
8.08,-0.4950782,-2.09465e-06
8.1,-0.4930763,-2.34986e-06
8.12,-0.4911746,-2.65316e-06
8.14,-0.4890726,-2.93742e-06
8.16,-0.487271,-3.22369e-06
8.18,-0.485169,-3.51764e-06
8.2,-0.4831672,-3.8343e-06
8.22,-0.4811653,-4.23113e-06
8.24,-0.4790634,-4.56717e-06
8.26,-0.4770616,-4.93661e-06
8.28,-0.4750597,-5.29737e-06
8.3,-0.473258,-5.70923e-06
8.32,-0.471056,-6.1535e-06
8.34,-0.4690542,-6.57505e-06
8.36,-0.4670523,-6.99727e-06
8.38,-0.4650505,-7.42784e-06
8.4,-0.4630486,-7.90918e-06
8.42,-0.4611468,-8.39854e-06
8.44,-0.4590449,-8.9056e-06
8.46,-0.4570431,-9.3396e-06
8.48,-0.4549411,-9.85053e-06
8.5,-0.4531395,-1.03748e-05
8.52,-0.450937,-1.08991e-05
8.54,-0.449036,-1.14034e-05
8.56,-0.447234,-1.18241e-05
8.58,-0.445032,-1.23484e-05
8.6,-0.44303,-1.2866e-05
8.62,-0.441128,-1.33769e-05
8.64,-0.438826,-1.38612e-05
8.66,-0.437025,-1.42285e-05
8.68,-0.435223,-1.46927e-05
8.7,-0.433121,-1.51702e-05
8.72,-0.431019,-1.56277e-05
8.74,-0.429017,-1.60318e-05
8.76,-0.427115,-1.63256e-05
8.78,-0.425013,-1.66629e-05
8.8,-0.423012,-1.7047e-05
8.82,-0.42111,-1.73842e-05
8.84,-0.419108,-1.76848e-05
8.86,-0.417006,-1.78351e-05
8.88,-0.415004,-1.80822e-05
8.9,-0.413102,-1.83326e-05
8.92,-0.411001,-1.85397e-05
8.94,-0.409099,-1.86833e-05
8.96,-0.407097,-1.87167e-05
8.98,-0.404995,-1.88369e-05
9,-0.403193,-1.89838e-05
9.02,-0.401091,-1.90272e-05
9.04,-0.39909,-1.90306e-05
9.06,-0.397088,-1.89805e-05
9.08,-0.394986,-1.89738e-05
9.1,-0.393084,-1.89972e-05
9.12,-0.391082,-1.89638e-05
9.14,-0.38908,-1.88502e-05
9.16,-0.387179,-1.87066e-05
9.18,-0.385277,-1.86465e-05
9.2,-0.383075,-1.85363e-05
9.22,-0.381073,-1.84562e-05
9.24,-0.378971,-1.83193e-05
9.26,-0.377069,-1.81089e-05
9.28,-0.375167,-1.79553e-05
9.3,-0.373066,-1.78551e-05
9.32,-0.371164,-1.77282e-05
9.34,-0.369162,-1.75612e-05
9.36,-0.36706,-1.72974e-05
9.38,-0.365058,-1.71438e-05
9.4,-0.363056,-1.70236e-05
9.42,-0.361054,-1.68733e-05
9.44,-0.359053,-1.66863e-05
9.46,-0.357051,-1.64358e-05
9.48,-0.355049,-1.62923e-05
9.5,-0.353147,-1.61553e-05
9.52,-0.351145,-1.60117e-05
9.54,-0.349143,-1.57947e-05
9.56,-0.347142,-1.55743e-05
9.58,-0.34504,-1.54307e-05
9.6,-0.343138,-1.53138e-05
9.62,-0.341136,-1.51936e-05
9.64,-0.339134,-1.49632e-05
9.66,-0.337032,-1.47695e-05
9.68,-0.33513,-1.46493e-05
9.7,-0.333029,-1.45391e-05
9.72,-0.331127,-1.44188e-05
9.74,-0.329225,-1.42118e-05
9.76,-0.327123,-1.40348e-05
9.78,-0.325121,-1.39346e-05
9.8,-0.323019,-1.38378e-05
9.82,-0.321017,-1.37343e-05
9.84,-0.319016,-1.35306e-05
9.86,-0.317114,-1.33602e-05
9.88,-0.315112,-1.32868e-05
9.9,-0.31301,-1.31933e-05
9.92,-0.311108,-1.30931e-05
9.94,-0.309006,-1.29261e-05
9.96,-0.307205,-1.28961e-05
9.98,-0.305203,-1.26823e-05
10,-0.303101,-1.26289e-05
10.02,-0.301099,-1.25588e-05
10.04,-0.299097,-1.24152e-05
10.06,-0.297095,-1.23818e-05
10.08,-0.294993,-1.21714e-05
10.1,-0.292992,-1.2118e-05
10.12,-0.29119,-1.20612e-05
10.14,-0.289188,-1.19477e-05
10.16,-0.287186,-1.1744e-05
10.18,-0.285084,-1.17106e-05
10.2,-0.283182,-1.16638e-05
10.22,-0.281081,-1.16204e-05
10.24,-0.279079,-1.15636e-05
10.26,-0.277077,-1.13599e-05
10.28,-0.275075,-1.12865e-05
10.3,-0.273073,-1.12598e-05
10.32,-0.270971,-1.12464e-05
10.34,-0.269069,-1.11863e-05
10.36,-0.266968,-1.1006e-05
10.38,-0.264966,-1.09392e-05
10.4,-0.263064,-1.09225e-05
10.42,-0.261162,-1.08924e-05
10.44,-0.25916,-1.0839e-05
10.46,-0.257058,-1.07021e-05
10.48,-0.255157,-1.06153e-05
10.5,-0.253055,-1.05919e-05
10.52,-0.251053,-1.05752e-05
10.54,-0.249051,-1.05518e-05
10.56,-0.247049,-1.04049e-05
10.58,-0.245147,-1.03247e-05
10.6,-0.243146,-1.03013e-05
10.62,-0.241144,-1.03114e-05
10.64,-0.239142,-1.02847e-05
10.66,-0.23724,-1.01644e-05
10.68,-0.235138,-1.00676e-05
10.7,-0.233036,-1.00576e-05
10.72,-0.231034,-1.00542e-05
10.74,-0.229033,-1.00309e-05
10.76,-0.227031,-9.96073e-06
10.78,-0.225129,-9.83717e-06
10.8,-0.223127,-9.82715e-06
10.82,-0.221025,-9.82381e-06
10.84,-0.219023,-9.81046e-06
10.86,-0.217021,-9.74367e-06
10.88,-0.21502,-9.63347e-06
10.9,-0.213018,-9.61677e-06
10.92,-0.211016,-9.62345e-06
10.94,-0.209114,-9.63681e-06
10.96,-0.207112,-9.56e-06
10.98,-0.20521,-9.4498e-06
11,-0.203109,-9.44312e-06
11.02,-0.201107,-9.51659e-06
